salary_in_usd,prediction
200000,200340.2601154928
204000,204486.31972232414
330000,204486.31972232414
330000,204486.31972232414
64781,125425.82207856995
80000,171084.65578946256
120000,165933.86608090153
140000,152856.0720105727
53984,111996.15188487696
108000,121829.49744442597
124000,177222.99566212652
260000,177222.99566212652
275000,177222.99566212652
21593,104807.07661560662
32811,138745.650318843
50000,136673.7249243513
120000,166451.09634499063
225000,166451.09634499063
38868,195705.12621813588
64781,164752.43543259185
83900,194166.5384247906
93300,194166.5384247906
136800,194166.5384247906
160000,194166.5384247906
170200,194166.5384247906
180500,189256.95271013165
190000,194166.5384247906
240000,194166.5384247906
360000,194166.5384247906
74087,151900.90037671564
120000,195934.19622151868
20000,98238.15296283297
45896,78445.7495498583
54000,116458.60130623623
258000,177449.93094597734
135000,177594.38188172446
48000,96635.58479342292
73824,182776.42408821086
73824,182776.42408821086
73880,182776.42408821086
85000,132677.49851222773
100000,138172.54026026287
108000,132677.49851222773
115702,138172.54026026287
150000,132677.49851222773
172200,132677.49851222773
50000,137210.26644477554
63000,165870.4917601387
87000,165870.4917601387
95000,165870.4917601387
102663,139077.75286347338
106000,165870.4917601387
115000,165870.4917601387
116990,167419.0516077844
120000,165870.4917601387
127000,165870.4917601387
128000,167419.0516077844
130000,165870.4917601387
134000,167419.0516077844
136743,165870.4917601387
138750,167419.0516077844
140000,167419.0516077844
143860,165870.4917601387
143860,165870.4917601387
147500,165870.4917601387
152900,167419.0516077844
160000,165870.4917601387
160000,167419.0516077844
164100,167419.0516077844
167000,165870.4917601387
169900,167419.0516077844
175000,167419.0516077844
179820,165870.4917601387
180000,167419.0516077844
181500,165870.4917601387
183500,167419.0516077844
185000,167419.0516077844
190000,165870.4917601387
190000,165990.23904854484
205000,165870.4917601387
205300,165870.4917601387
210000,167419.0516077844
215050,165870.4917601387
230000,160458.6510267388
230000,160458.6510267388
235400,167419.0516077844
245000,165870.4917601387
260000,165870.4917601387
267000,165870.4917601387
289800,165870.4917601387
50000,106307.8278120317
67635,150308.69928492152
75000,95575.58206415146
150000,133090.12865132737
213660,163346.7740375484
125000,169978.9574639854
136000,169978.9574639854
136000,169978.9574639854
136000,169978.9574639854
136000,169978.9574639854
149300,169978.9574639854
198000,157010.27126684046
222200,169978.9574639854
249300,169978.9574639854
115100,192061.8740570633
136000,192061.8740570633
136000,192061.8740570633
136000,192061.8740570633
136000,192061.8740570633
136000,192061.8740570633
136000,192061.8740570633
136000,192061.8740570633
136000,192061.8740570633
136000,192061.8740570633
136000,192061.8740570633
136000,192061.8740570633
136000,192061.8740570633
136000,192061.8740570633
141525,187152.28834240435
142000,187152.28834240435
142800,187152.28834240435
145900,192061.8740570633
154000,192061.8740570633
159100,192061.8740570633
163000,187152.28834240435
164000,187152.28834240435
167310,192061.8740570633
172040,187152.28834240435
175000,187152.28834240435
180000,192061.8740570633
184000,187152.28834240435
184000,187152.28834240435
184000,187152.28834240435
184000,187152.28834240435
184000,187152.28834240435
184000,187152.28834240435
192000,187152.28834240435
205000,192061.8740570633
205000,187152.28834240435
212800,192061.8740570633
214000,192061.8740570633
215000,192061.8740570633
216000,187152.28834240435
222200,192061.8740570633
222200,192061.8740570633
222200,192061.8740570633
222200,192061.8740570633
222200,192061.8740570633
222200,192061.8740570633
222200,192061.8740570633
222200,192061.8740570633
222200,192061.8740570633
222200,192061.8740570633
222200,192061.8740570633
222200,192061.8740570633
227700,187152.28834240435
230000,187152.28834240435
248100,192061.8740570633
258800,192061.8740570633
260000,192061.8740570633
260000,192061.8740570633
260000,192061.8740570633
260000,192061.8740570633
260000,192061.8740570633
260000,192061.8740570633
260000,192061.8740570633
309400,192061.8740570633
309400,192061.8740570633
350000,192061.8740570633
100000,141788.1130698808
76000,118456.31143870197
140000,120541.37310103467
160000,120541.37310103467
18381,136377.89509115863
75000,141734.24863420374
112655,141734.24863420374
130800,141734.24863420374
135000,142553.666816628
147000,141734.24863420374
160000,142553.666816628
57000,86485.43583034263
60000,66514.37806544578
100000,94820.9094908137
105066,73415.63913098213
75000,113272.6009306632
76300,113272.6009306632
81500,113272.6009306632
81500,113272.6009306632
128000,113272.6009306632
128000,113272.6009306632
98432,93925.60940205015
106500,125292.19242655256
135000,124373.1257770885
160000,124373.1257770885
167500,125292.19242655256
99703,193818.50267296543
48585,74446.8211446699
161311,149403.71420296276
50000,76805.58876632719
135000,97894.86940994472
78800,106112.17384501678
83339,110557.30454582132
106700,113719.86355588437
120000,110557.30454582132
135000,110557.30454582132
79700,133544.68844569847
80000,133544.68844569847
95000,133584.9690570849
99000,133544.68844569847
112000,132618.62967661425
113000,133544.68844569847
124400,133584.9690570849
124400,133584.9690570849
171050,133584.9690570849
176838,133544.68844569847
194521,133544.68844569847
99000,115860.10495526696
106500,134067.9841109397
140000,117660.69140381718
66825,128881.03397776761
76500,127954.97520868338
76500,132769.27203569436
140000,132769.27203569436
165600,136663.7628867717
185000,136663.7628867717
79600,163978.1094206291
79600,163978.1094206291
79600,163978.1094206291
79600,163978.1094206291
79600,163978.1094206291
100000,163978.1094206291
104300,163978.1094206291
104300,163978.1094206291
104300,163978.1094206291
110200,159823.9387939433
120000,159823.9387939433
139000,163978.1094206291
155000,159823.9387939433
156400,163978.1094206291
156400,163978.1094206291
156400,163978.1094206291
160000,159823.9387939433
185000,163978.1094206291
185000,163978.1094206291
185000,163978.1094206291
185000,163978.1094206291
202800,163978.1094206291
202800,163978.1094206291
202800,163978.1094206291
204300,163978.1094206291
225000,163978.1094206291
225000,163978.1094206291
225000,163978.1094206291
247500,163978.1094206291
247500,163978.1094206291
109238,132234.55280501625
139200,172610.26222763112
259900,172610.26222763112
100000,159629.3180652024
89294,182887.88801016248
115000,168168.0456475833
140000,168168.0456475833
190000,168168.0456475833
58837,66823.60407387582
110736,94758.09816123659
24000,110180.56898281867
175000,189554.6043151977
185000,189554.6043151977
210000,167563.6873653344
245000,167563.6873653344
19073,98711.86319384284
95746,112815.6837509885
118539,215497.5831318941
32974,67332.552293708
34320,88979.65294505964
41833,67332.552293708
42028,69544.19857586068
48000,99775.12007307538
50000,99775.12007307538
50000,52217.768805192485
50000,88979.65294505964
53800,99775.12007307538
53800,99775.12007307538
55000,99775.12007307538
55000,88979.65294505964
61200,99775.12007307538
67000,94402.03878781167
72000,88979.65294505964
75000,99775.12007307538
75000,88979.65294505964
75000,88979.65294505964
81500,88979.65294505964
85000,88979.65294505964
85000,88979.65294505964
85000,88979.65294505964
85256,99775.12007307538
86000,99775.12007307538
92280,67332.552293708
94035,88979.65294505964
94600,99775.12007307538
94600,99775.12007307538
95000,88979.65294505964
100000,99775.12007307538
104000,99775.12007307538
109900,99775.12007307538
111000,99775.12007307538
132600,88979.65294505964
133000,99775.12007307538
150000,88979.65294505964
31520,50340.72541591729
31520,47951.779291919425
36940,75083.90824170329
38868,60790.62565636156
49000,109992.71225984453
49216,82782.33694637266
52500,109992.71225984453
53000,102217.2527508943
55000,102217.2527508943
55368,82782.33694637266
59000,102217.2527508943
59382,62987.965474654244
59500,109992.71225984453
60000,102217.2527508943
61520,82782.33694637266
61520,82782.33694637266
62000,109992.71225984453
64500,109992.71225984453
65000,108330.61864554751
65000,109992.71225984453
65000,102217.2527508943
65000,102217.2527508943
65257,78813.25003672154
66000,102217.2527508943
66100,102217.2527508943
67500,109992.71225984453
67500,109992.71225984453
67672,82782.33694637266
69570,109992.71225984453
70000,109992.71225984453
70600,109992.71225984453
73824,87261.39720346175
73824,82782.33694637266
75000,109992.71225984453
75000,109992.71225984453
75000,102217.2527508943
78000,109992.71225984453
79000,109992.71225984453
79976,82782.33694637266
79976,75083.90824170329
80000,109992.71225984453
80000,102217.2527508943
85000,108330.61864554751
85000,109992.71225984453
85000,109992.71225984453
85000,109992.71225984453
85000,109992.71225984453
85000,102217.2527508943
86128,75114.65559252634
90000,109992.71225984453
90000,109992.71225984453
90000,102217.2527508943
95000,102217.2527508943
95000,102217.2527508943
95400,102217.2527508943
97500,102217.2527508943
98432,82782.33694637266
98432,82782.33694637266
100000,109992.71225984453
100000,109992.71225984453
100000,109992.71225984453
100000,102217.2527508943
100000,102217.2527508943
100000,102217.2527508943
103200,109992.71225984453
104000,109992.71225984453
105000,109992.71225984453
105000,109992.71225984453
105000,102217.2527508943
105320,109992.71225984453
109000,109992.71225984453
110000,109992.71225984453
110000,109992.71225984453
110000,102217.2527508943
110000,102217.2527508943
110000,102217.2527508943
110000,102217.2527508943
115950,109992.71225984453
116000,109992.71225984453
120000,109992.71225984453
120000,109992.71225984453
120000,102217.2527508943
125000,109992.71225984453
131000,109992.71225984453
135000,102217.2527508943
142000,109992.71225984453
149500,102217.2527508943
150000,109992.71225984453
150000,109992.71225984453
150000,109992.71225984453
150000,102217.2527508943
150000,102217.2527508943
160000,109992.71225984453
160000,109992.71225984453
165000,109992.71225984453
206000,109992.71225984453
250000,109992.71225984453
36773,49851.23633372798
39925,49851.23633372798
50000,103679.66643001305
51824,49851.23633372798
51962,124002.14757965633
51962,124002.14757965633
51962,123083.08093019229
52000,124002.14757965633
52500,124002.14757965633
52500,124002.14757965633
55000,123083.08093019229
60000,124002.14757965633
61300,121808.05625201715
61566,89452.25987241183
62000,124002.14757965633
65000,124002.14757965633
65000,124002.14757965633
65000,123083.08093019229
66000,124002.14757965633
67672,89452.25987241183
67672,89452.25987241183
68400,123083.08093019229
70000,124002.14757965633
70000,124002.14757965633
70000,124002.14757965633
70000,124002.14757965633
70000,124002.14757965633
70000,123083.08093019229
70186,89452.25987241183
71786,116589.3872199057
72000,123083.08093019229
72000,123083.08093019229
72250,123083.08093019229
73100,124002.14757965633
75000,124002.14757965633
75000,124002.14757965633
75000,124002.14757965633
75000,123083.08093019229
75000,123083.08093019229
78000,124002.14757965633
78400,123083.08093019229
79981,89452.25987241183
80000,124002.14757965633
80000,124002.14757965633
80000,124002.14757965633
80000,124002.14757965633
80000,124002.14757965633
80000,123083.08093019229
80000,123083.08093019229
80000,123083.08093019229
81666,123083.08093019229
81666,123083.08093019229
81666,123083.08093019229
81800,125228.65826669111
81900,124002.14757965633
81900,123083.08093019229
82200,123083.08093019229
83000,123083.08093019229
85000,124002.14757965633
85000,124002.14757965633
85000,124002.14757965633
85000,124002.14757965633
85000,123083.08093019229
85500,124002.14757965633
87500,124002.14757965633
89200,123083.08093019229
90000,124002.14757965633
90000,124002.14757965633
90000,123083.08093019229
90000,123083.08093019229
90000,123083.08093019229
90320,124002.14757965633
90320,123083.08093019229
90320,123083.08093019229
91800,123083.08093019229
92000,123076.0888105721
93700,123083.08093019229
93919,123083.08093019229
94000,123083.08093019229
95000,124002.14757965633
95000,124002.14757965633
95000,124002.14757965633
95000,124002.14757965633
95000,121808.05625201715
95000,123083.08093019229
95000,123083.08093019229
95000,123083.08093019229
95000,123083.08093019229
95000,123083.08093019229
96000,123083.08093019229
99000,124002.14757965633
99000,124002.14757965633
99450,123083.08093019229
99750,123083.08093019229
100000,124002.14757965633
100000,124002.14757965633
100000,124002.14757965633
100000,124002.14757965633
100000,120273.2361150607
100000,123083.08093019229
100500,124002.14757965633
102500,123083.08093019229
102586,89452.25987241183
103200,124002.14757965633
103200,124002.14757965633
104000,123083.08093019229
104300,124002.14757965633
105000,124002.14757965633
105000,123083.08093019229
105320,124002.14757965633
106000,124002.14757965633
106000,123083.08093019229
106020,124002.14757965633
106400,125228.65826669111
106800,124002.14757965633
106800,124002.14757965633
107500,123083.08093019229
107500,123083.08093019229
108000,124002.14757965633
108000,123083.08093019229
109280,123083.08093019229
109600,123083.08093019229
110000,124002.14757965633
110000,124002.14757965633
110000,124002.14757965633
110000,120273.2361150607
110000,123083.08093019229
110000,123083.08093019229
110000,123083.08093019229
110600,124002.14757965633
110600,124002.14757965633
110600,124002.14757965633
110600,124002.14757965633
110600,124002.14757965633
110600,124002.14757965633
110600,124002.14757965633
110925,123083.08093019229
112000,123083.08093019229
112200,123083.08093019229
112900,123083.08093019229
112900,123083.08093019229
113000,123083.08093019229
115000,123083.08093019229
115000,123083.08093019229
115934,124002.14757965633
115934,123083.08093019229
115934,123083.08093019229
116000,123083.08093019229
117500,123083.08093019229
118000,123083.08093019229
118600,124002.14757965633
119000,124002.14757965633
119800,123083.08093019229
120000,124002.14757965633
120000,124002.14757965633
120000,123083.08093019229
120250,123083.08093019229
120350,124002.14757965633
120350,123083.08093019229
121700,124002.14757965633
122500,123083.08093019229
123040,89452.25987241183
125000,124002.14757965633
125000,124002.14757965633
125000,123083.08093019229
125000,123083.08093019229
125600,123083.08093019229
126500,124002.14757965633
127000,124002.14757965633
128000,124002.14757965633
130000,124002.14757965633
130000,123083.08093019229
130000,123083.08093019229
131000,124002.14757965633
131325,123083.08093019229
131650,124002.14757965633
132000,124002.14757965633
132000,123083.08093019229
134200,125228.65826669111
134200,124002.14757965633
135000,124002.14757965633
135000,123083.08093019229
135000,123083.08093019229
136000,123083.08093019229
136000,123083.08093019229
137000,123083.08093019229
138000,123083.08093019229
139600,124002.14757965633
139600,124002.14757965633
140000,124002.14757965633
140000,124002.14757965633
140000,124002.14757965633
140000,124002.14757965633
140000,123083.08093019229
140000,123083.08093019229
140000,123083.08093019229
140000,123083.08093019229
142000,124002.14757965633
142000,123083.08093019229
143000,121808.05625201715
143520,124002.14757965633
144000,123083.08093019229
144100,124002.14757965633
145000,124002.14757965633
145000,124002.14757965633
145000,123083.08093019229
148000,124002.14757965633
150000,124002.14757965633
150000,124002.14757965633
150000,124002.14757965633
150000,124002.14757965633
150000,124002.14757965633
150000,123083.08093019229
150000,123083.08093019229
150000,123083.08093019229
150000,123083.08093019229
150000,123083.08093019229
150075,123083.08093019229
153800,123083.08093019229
155000,125228.65826669111
156000,124002.14757965633
160000,124002.14757965633
160000,123083.08093019229
164000,124002.14757965633
166000,124002.14757965633
166500,124002.14757965633
168000,123083.08093019229
169000,124002.14757965633
169000,124002.14757965633
169000,124002.14757965633
170000,123083.08093019229
170500,123083.08093019229
171000,124002.14757965633
172800,120273.2361150607
175000,124002.14757965633
175000,121808.05625201715
175000,123083.08093019229
175000,123083.08093019229
175000,123083.08093019229
177000,123083.08093019229
180000,124002.14757965633
180000,123083.08093019229
185000,124002.14757965633
185900,124002.14757965633
185900,124002.14757965633
185900,124002.14757965633
186600,123083.08093019229
192000,123083.08093019229
192000,123083.08093019229
192000,123083.08093019229
192500,123083.08093019229
195000,123083.08093019229
200000,124002.14757965633
200000,124002.14757965633
202800,124002.14757965633
204500,124002.14757965633
206000,124002.14757965633
206500,123083.08093019229
207611,123083.08093019229
208049,124002.14757965633
208450,123083.08093019229
213210,123083.08093019229
216200,124002.14757965633
223602,124002.14757965633
230000,123083.08093019229
236600,123083.08093019229
385000,124002.14757965633
20000,111118.75621580958
135000,113094.76684024472
123040,148575.4440457932
110000,139444.26797135553
110000,139444.26797135553
125000,139444.26797135553
155000,139444.26797135553
155000,139444.26797135553
155000,139444.26797135553
155000,139444.26797135553
133000,164496.45094100095
140000,148839.26184176252
160000,148839.26184176252
204500,152330.5491680523
155000,176810.90889272589
180000,176810.90889272589
86128,95534.17530199185
100000,138172.54026026287
135000,138172.54026026287
140000,137805.46027714055
140000,137805.46027714055
150000,137805.46027714055
150000,137805.46027714055
167500,138172.54026026287
63000,166619.4857999376
90000,166619.4857999376
90700,166739.23308834372
92000,146656.98524369678
92280,105128.38278606339
105200,166619.4857999376
107500,166739.23308834372
110000,168168.0456475833
113000,166619.4857999376
115000,168168.0456475833
120000,166619.4857999376
125000,168168.0456475833
125600,166619.4857999376
128000,166619.4857999376
134000,166619.4857999376
135000,168168.0456475833
138000,146656.98524369678
144854,168168.0456475833
147100,166619.4857999376
149040,168168.0456475833
149040,168168.0456475833
150000,166619.4857999376
150000,168168.0456475833
159500,166619.4857999376
168100,168168.0456475833
170000,168168.0456475833
174500,166619.4857999376
174500,166619.4857999376
174500,166619.4857999376
174500,166619.4857999376
174500,166619.4857999376
175000,166619.4857999376
175000,168168.0456475833
180000,168168.0456475833
185000,166619.4857999376
185000,166619.4857999376
186000,166619.4857999376
188500,168168.0456475833
188500,168168.0456475833
190000,166739.23308834372
190000,168168.0456475833
190000,168168.0456475833
192400,166739.23308834372
192564,168168.0456475833
195400,168168.0456475833
198000,168168.0456475833
200000,168168.0456475833
200000,168168.0456475833
204000,168168.0456475833
204000,168168.0456475833
206000,166619.4857999376
206000,166619.4857999376
206000,166619.4857999376
206000,168168.0456475833
210000,168168.0456475833
213120,168168.0456475833
215000,168168.0456475833
228000,166619.4857999376
230400,166619.4857999376
250000,166619.4857999376
250500,166619.4857999376
274450,166619.4857999376
280100,168168.0456475833
280100,168168.0456475833
306000,168168.0456475833
345600,166619.4857999376
41027,57112.07172641686
45390,72927.33397735821
52500,130108.21493967115
52500,130108.21493967115
55475,62893.77466141749
59888,56208.47159674995
65000,130108.21493967115
65000,130108.21493967115
65000,125338.07862091405
80000,125338.07862091405
85000,130108.21493967115
85000,130108.21493967115
90000,130108.21493967115
125000,130108.21493967115
130002,125338.07862091405
135000,130108.21493967115
135000,130108.21493967115
135000,130108.21493967115
160000,130108.21493967115
160000,130108.21493967115
71908,177594.38188172446
100000,172996.689102927
110000,172996.689102927
110000,172996.689102927
113000,172996.689102927
113000,172996.689102927
115000,172996.689102927
116100,177594.38188172446
130002,177594.38188172446
135344,105993.44569308248
145000,172996.689102927
160000,172996.689102927
160000,172996.689102927
180500,172996.689102927
194500,172996.689102927
200000,172996.689102927
200000,177594.38188172446
205000,172996.689102927
205785,146227.869319061
207000,177594.38188172446
210000,177594.38188172446
210600,177594.38188172446
220000,172996.689102927
236000,177594.38188172446
239000,177594.38188172446
242000,177594.38188172446
257400,177594.38188172446
265000,172996.689102927
265800,177594.38188172446
284000,177594.38188172446
324000,177594.38188172446
20000,121990.27979265459
26005,90990.8111567695
28016,124250.02767287749
39372,86586.83722809181
43064,81136.31750539242
43187,60006.01524598037
49216,86586.83722809181
51824,65429.977740525
52500,138172.54026026287
55410,81136.31750539242
57700,138172.54026026287
60000,79613.16308419654
63980,81136.31750539242
65000,138172.54026026287
65141,65429.977740525
66022,111990.75041237686
67056,86586.83722809181
67723,81136.31750539242
67723,81136.31750539242
70000,138172.54026026287
70000,137805.46027714055
70000,137805.46027714055
70000,137805.46027714055
70139,65429.977740525
70748,86586.83722809181
70748,86586.83722809181
70748,86586.83722809181
72000,79597.74988637592
72593,86586.83722809181
73100,138172.54026026287
73400,138172.54026026287
73546,66956.37642352848
73824,86586.83722809181
74130,73303.1753467323
75000,138172.54026026287
75000,137805.46027714055
75577,62863.941539158426
76000,137805.46027714055
76284,81136.31750539242
79178,86049.82846775558
80000,138172.54026026287
80000,101257.63056129256
80036,81136.31750539242
82452,138172.54026026287
85000,138172.54026026287
86128,86586.83722809181
86128,98642.27717477773
86193,81136.31750539242
90000,138172.54026026287
90000,138172.54026026287
90000,137805.46027714055
91000,138172.54026026287
92350,81136.31750539242
92350,81136.31750539242
95000,138172.54026026287
95000,138172.54026026287
95000,138172.54026026287
95000,138172.54026026287
95000,137805.46027714055
100000,138172.54026026287
100000,138172.54026026287
100000,137805.46027714055
100000,137805.46027714055
100000,137805.46027714055
102200,139788.43832525678
103000,138172.54026026287
104584,86586.83722809181
105000,138172.54026026287
105400,138172.54026026287
106500,138172.54026026287
106500,138172.54026026287
109000,137805.46027714055
110000,138172.54026026287
110000,138172.54026026287
110000,138172.54026026287
111400,138172.54026026287
113923,137805.46027714055
114000,137805.46027714055
115000,137805.46027714055
118000,137805.46027714055
120000,138172.54026026287
120000,138172.54026026287
120000,138172.54026026287
120000,138172.54026026287
120000,137805.46027714055
120000,137805.46027714055
125000,138172.54026026287
128000,138172.54026026287
128000,138172.54026026287
130000,138172.54026026287
130000,138172.54026026287
131000,95657.82289365448
132000,137805.46027714055
133000,138172.54026026287
135000,138172.54026026287
140000,138172.54026026287
140000,137805.46027714055
143000,138172.54026026287
144200,138172.54026026287
145000,138172.54026026287
147648,86586.83722809181
148000,138172.54026026287
149600,138172.54026026287
149600,138172.54026026287
150000,138172.54026026287
150000,138172.54026026287
150000,137805.46027714055
150000,137805.46027714055
154000,138172.54026026287
158600,137805.46027714055
160000,138172.54026026287
160000,137805.46027714055
160000,137805.46027714055
160000,137805.46027714055
160000,137805.46027714055
162500,138172.54026026287
162500,138172.54026026287
165000,137805.46027714055
167500,138172.54026026287
167500,138172.54026026287
167500,138172.54026026287
169000,138172.54026026287
170000,138172.54026026287
170884,137805.46027714055
171000,138172.54026026287
175000,138172.54026026287
175000,138172.54026026287
180000,137805.46027714055
181500,138172.54026026287
184000,138172.54026026287
184000,138172.54026026287
190000,139638.49822987302
202400,138172.54026026287
206699,138172.54026026287
243000,139788.43832525678
250000,138172.54026026287
250000,138172.54026026287
258000,138172.54026026287
260000,138172.54026026287
25000,167419.0516077844
36773,64436.457736649594
36773,64436.457736649594
42026,63339.47989106679
47899,88558.44246782144
48000,86899.95916920863
50000,165870.4917601387
50000,167419.0516077844
58400,165870.4917601387
60000,94759.97333244988
61520,99198.23936246273
61566,95752.55920762279
63000,165870.4917601387
63000,165870.4917601387
63000,167419.0516077844
63000,167419.0516077844
65000,165870.4917601387
65488,165870.4917601387
68293,64436.457736649594
68400,165870.4917601387
71363,99198.23936246273
72000,167419.0516077844
73000,165212.25613465306
73546,63339.47989106679
75000,165870.4917601387
75000,165870.4917601387
75000,165870.4917601387
75000,165870.4917601387
75000,167419.0516077844
75000,167419.0516077844
75577,63356.24200333428
76833,102227.85624537765
78000,165870.4917601387
78000,167419.0516077844
82500,165212.25613465306
84000,167419.0516077844
84800,165870.4917601387
85000,167419.0516077844
85000,167419.0516077844
90000,165870.4917601387
90000,165870.4917601387
90000,165870.4917601387
90000,165870.4917601387
90000,165870.4917601387
90000,167419.0516077844
90700,165870.4917601387
91000,165870.4917601387
92280,99198.23936246273
94000,165870.4917601387
94000,167419.0516077844
94500,165870.4917601387
95000,165870.4917601387
95000,165870.4917601387
95000,165870.4917601387
95000,167419.0516077844
97500,167419.0516077844
99100,165870.4917601387
100000,165870.4917601387
100000,165870.4917601387
100000,165870.4917601387
100000,167419.0516077844
100706,165870.4917601387
101570,167419.0516077844
101570,167419.0516077844
101570,167419.0516077844
102000,165870.4917601387
102100,165870.4917601387
102492,99198.23936246273
103000,165870.4917601387
104000,167419.0516077844
104611,95752.55920762279
105000,165870.4917601387
105000,167419.0516077844
105000,167419.0516077844
105700,165870.4917601387
105700,165870.4917601387
105700,165870.4917601387
106500,165870.4917601387
106800,165870.4917601387
106800,165870.4917601387
106800,165870.4917601387
106800,167419.0516077844
107000,167419.0516077844
108308,140726.8418200961
108768,165870.4917601387
108800,165870.4917601387
109400,165870.4917601387
109500,167419.0516077844
110000,165870.4917601387
110000,167419.0516077844
110000,167419.0516077844
110700,165870.4917601387
110736,99198.23936246273
111000,165870.4917601387
111000,167419.0516077844
111000,167419.0516077844
112200,165870.4917601387
112400,145580.36423181818
113000,165870.4917601387
113476,95752.55920762279
113750,165870.4917601387
114000,167419.0516077844
115000,165870.4917601387
115000,165870.4917601387
115000,165870.4917601387
115000,165870.4917601387
115000,165870.4917601387
115000,165870.4917601387
115000,167419.0516077844
115000,167419.0516077844
116000,165870.4917601387
116500,167419.0516077844
120000,165870.4917601387
120000,165870.4917601387
120000,165870.4917601387
120000,165870.4917601387
120000,165870.4917601387
120000,165870.4917601387
120000,165870.4917601387
120000,167419.0516077844
122000,165870.4917601387
122000,165870.4917601387
122400,167419.0516077844
123000,165870.4917601387
123000,165870.4917601387
123700,165870.4917601387
123700,165870.4917601387
123700,165870.4917601387
124740,165870.4917601387
124935,122915.85951050988
125000,165870.4917601387
125000,167419.0516077844
126000,165870.4917601387
126000,165870.4917601387
126000,165870.4917601387
126000,167419.0516077844
126800,165870.4917601387
126800,165870.4917601387
128000,165870.4917601387
128000,165870.4917601387
128750,165870.4917601387
129000,165870.4917601387
129000,165870.4917601387
129000,165870.4917601387
129000,165870.4917601387
129000,165870.4917601387
129000,165870.4917601387
129000,165870.4917601387
129192,99198.23936246273
129300,165870.4917601387
129300,165870.4917601387
130000,165870.4917601387
130000,165870.4917601387
130000,165870.4917601387
130000,165870.4917601387
130000,167419.0516077844
130000,167419.0516077844
130000,167419.0516077844
130000,167419.0516077844
130000,167419.0516077844
131000,165870.4917601387
131000,165870.4917601387
132100,167419.0516077844
132192,167419.0516077844
132300,165870.4917601387
132600,165870.4917601387
133300,165870.4917601387
133800,165870.4917601387
133800,167419.0516077844
135000,165870.4917601387
135000,165870.4917601387
135000,165870.4917601387
135000,165870.4917601387
135000,167419.0516077844
136994,167419.0516077844
137500,167419.0516077844
138750,165870.4917601387
138750,167419.0516077844
138750,167419.0516077844
139400,165870.4917601387
139400,165870.4917601387
139500,165870.4917601387
139700,165870.4917601387
139700,165870.4917601387
139700,167419.0516077844
139810,165870.4917601387
139810,165870.4917601387
140000,165870.4917601387
140000,165870.4917601387
140000,167419.0516077844
140000,167419.0516077844
141000,165870.4917601387
141600,165870.4917601387
143000,167419.0516077844
144000,167419.0516077844
145000,165870.4917601387
145000,165870.4917601387
145000,165870.4917601387
145000,165870.4917601387
145000,165870.4917601387
145000,165870.4917601387
145000,165870.4917601387
145000,165870.4917601387
145000,165870.4917601387
145000,165990.23904854484
146000,165870.4917601387
146400,165870.4917601387
147100,165870.4917601387
147100,165870.4917601387
149000,165870.4917601387
150000,165870.4917601387
150000,165870.4917601387
150000,165870.4917601387
150000,165870.4917601387
150000,165870.4917601387
150000,167419.0516077844
150000,167419.0516077844
150000,167419.0516077844
150000,167419.0516077844
150000,167419.0516077844
150600,140726.8418200961
151200,167419.0516077844
152000,165212.25613465306
152375,165870.4917601387
152500,165870.4917601387
153000,165990.23904854484
153000,167419.0516077844
153090,165870.4917601387
153600,165870.4917601387
153600,165870.4917601387
153600,165870.4917601387
153600,165870.4917601387
153600,167419.0516077844
154000,165870.4917601387
154000,167419.0516077844
154000,167419.0516077844
154545,165870.4917601387
154600,167419.0516077844
154600,167419.0516077844
155000,165870.4917601387
156275,165870.4917601387
157250,167419.0516077844
158600,165870.4917601387
158600,165870.4917601387
159000,165870.4917601387
160000,165870.4917601387
160000,165870.4917601387
160000,165870.4917601387
160000,165870.4917601387
160000,165870.4917601387
160000,165870.4917601387
160000,165870.4917601387
160000,165990.23904854484
160000,165990.23904854484
160000,167419.0516077844
160000,167419.0516077844
160000,167419.0516077844
160000,167419.0516077844
160000,167419.0516077844
160000,167419.0516077844
160000,167419.0516077844
160000,167419.0516077844
160000,167419.0516077844
160000,167419.0516077844
160080,165870.4917601387
161000,165870.4917601387
161000,167419.0516077844
161900,165870.4917601387
162000,167419.0516077844
162500,167419.0516077844
163625,167419.0516077844
163800,165870.4917601387
163800,165870.4917601387
163800,165870.4917601387
164000,165870.4917601387
165000,165870.4917601387
165000,167419.0516077844
165000,167419.0516077844
165000,167419.0516077844
165000,167419.0516077844
166000,167419.0516077844
167200,165870.4917601387
167200,167419.0516077844
167500,165870.4917601387
169000,165870.4917601387
170000,165870.4917601387
170000,165870.4917601387
170000,165870.4917601387
170000,165870.4917601387
170000,165870.4917601387
170000,165870.4917601387
170000,167419.0516077844
170000,167419.0516077844
170000,167419.0516077844
170000,167419.0516077844
170000,167419.0516077844
170000,167419.0516077844
171500,165870.4917601387
172000,167419.0516077844
172500,167419.0516077844
172600,167419.0516077844
172900,165870.4917601387
174350,167419.0516077844
175000,165870.4917601387
175000,165870.4917601387
175000,167419.0516077844
175000,167419.0516077844
175000,167419.0516077844
175000,167419.0516077844
175308,165870.4917601387
176080,167419.0516077844
177600,167419.0516077844
178000,165870.4917601387
178000,167419.0516077844
179305,167419.0516077844
180000,165870.4917601387
180000,167419.0516077844
180000,167419.0516077844
180000,167419.0516077844
180514,140726.8418200961
181500,165870.4917601387
182000,167419.0516077844
183000,165212.25613465306
183000,165870.4917601387
184000,165870.4917601387
184000,165870.4917601387
185000,165870.4917601387
185000,165870.4917601387
185000,167419.0516077844
185000,167419.0516077844
185000,167419.0516077844
185900,165870.4917601387
185900,165870.4917601387
185900,165870.4917601387
185900,165870.4917601387
185900,165870.4917601387
185900,165870.4917601387
185900,165870.4917601387
188100,165870.4917601387
190000,165870.4917601387
190000,165870.4917601387
190000,165870.4917601387
190400,165870.4917601387
193000,167419.0516077844
194000,165870.4917601387
194000,167419.0516077844
194992,167419.0516077844
195000,167419.0516077844
195800,165870.4917601387
196000,165870.4917601387
196685,165870.4917601387
197000,165870.4917601387
197400,165870.4917601387
197430,167419.0516077844
199000,165870.4917601387
199000,165870.4917601387
199000,167419.0516077844
200000,165870.4917601387
200000,165870.4917601387
200000,165870.4917601387
200000,167419.0516077844
200000,167419.0516077844
200000,167419.0516077844
200000,167419.0516077844
200000,167419.0516077844
201450,167419.0516077844
202000,167419.0516077844
202000,167419.0516077844
202000,167419.0516077844
203300,167419.0516077844
205000,167419.0516077844
205600,165870.4917601387
205600,165870.4917601387
205600,165870.4917601387
205700,165870.4917601387
206000,165870.4917601387
206699,165870.4917601387
208000,165870.4917601387
208000,165870.4917601387
208200,167419.0516077844
209000,165870.4917601387
210000,165870.4917601387
210000,165870.4917601387
210000,167419.0516077844
213580,167419.0516077844
213600,165870.4917601387
215000,165870.4917601387
215000,165870.4917601387
215000,165870.4917601387
220000,165870.4917601387
220000,167419.0516077844
220110,165870.4917601387
220110,167419.0516077844
221484,165870.4917601387
223250,165870.4917601387
223250,165870.4917601387
225000,165870.4917601387
225000,167419.0516077844
225500,165870.4917601387
225500,165870.4917601387
225500,165870.4917601387
226700,165870.4917601387
226700,165870.4917601387
226700,165870.4917601387
229998,165870.4917601387
231000,167419.0516077844
231250,167419.0516077844
231500,167419.0516077844
232000,165870.4917601387
232960,165870.4917601387
236000,167419.0516077844
236000,167419.0516077844
238000,165870.4917601387
240500,165870.4917601387
242000,165212.25613465306
245000,167419.0516077844
245000,167419.0516077844
247300,165870.4917601387
247300,165870.4917601387
247300,165870.4917601387
247300,167419.0516077844
250000,165870.4917601387
250000,165870.4917601387
250000,165870.4917601387
250000,167419.0516077844
250000,167419.0516077844
252000,165870.4917601387
252000,165870.4917601387
252000,167419.0516077844
255000,165870.4917601387
255000,165870.4917601387
259000,165870.4917601387
260000,165870.4917601387
260000,165870.4917601387
260000,165870.4917601387
275300,167419.0516077844
280000,165870.4917601387
283780,165870.4917601387
284310,165870.4917601387
290000,167419.0516077844
300000,165870.4917601387
300000,165870.4917601387
300000,165870.4917601387
310000,165870.4917601387
315000,167419.0516077844
331640,165870.4917601387
385000,187201.39040597205
161000,146006.9356338208
46400,95242.98965318713
63750,95242.98965318713
100000,95242.98965318713
115000,98709.62099084145
180000,197048.5785044077
230000,197048.5785044077
115000,158904.64937938465
80000,188602.81596873465
139500,122444.40627909281
70000,112545.14622772606
125976,117147.93826875847
67672,85905.76530922015
73500,109992.71225984453
73500,109992.71225984453
73500,109992.71225984453
73500,109992.71225984453
98000,109992.71225984453
100000,109992.71225984453
110000,109992.71225984453
115500,109992.71225984453
115500,109992.71225984453
115500,109992.71225984453
115500,109992.71225984453
115500,109992.71225984453
115500,109992.71225984453
115500,109992.71225984453
120000,109992.71225984453
130000,109992.71225984453
68000,122940.01901849048
68000,122940.01901849048
80000,122940.01901849048
86000,126140.41063200941
100000,122940.01901849048
105200,122940.01901849048
105200,122940.01901849048
110400,122940.01901849048
110400,122940.01901849048
110400,122940.01901849048
115000,126140.41063200941
130000,122940.01901849048
130000,122940.01901849048
130000,122940.01901849048
130000,122940.01901849048
130000,122940.01901849048
130000,122940.01901849048
130000,122940.01901849048
130000,122940.01901849048
145000,122940.01901849048
145000,122940.01901849048
145000,122940.01901849048
145000,122940.01901849048
146000,122940.01901849048
155000,122940.01901849048
160667,122940.01901849048
168400,122940.01901849048
198800,122940.01901849048
55368,196437.16872308892
110736,196437.16872308892
90700,129871.3334995608
140000,129871.3334995608
147100,129871.3334995608
147100,129871.3334995608
168400,129871.3334995608
168400,129871.3334995608
55368,112780.24276160829
77000,151319.83778533066
82000,118969.51988807162
123000,118969.51988807162
144000,151319.83778533066
100000,111451.23728927955
100000,111451.23728927955
105000,146386.629151934
192400,146386.629151934
50700,169709.4885736185
55720,169709.4885736185
145000,143374.92306619853
49216,88751.64256824146
65000,98923.80134548462
70000,103710.00342779543
70000,103710.00342779543
64980,110486.30297368104
82000,110486.30297368104
95000,110486.30297368104
100000,110486.30297368104
140000,110486.30297368104
23753,108863.77214531887
24165,51475.3795649627
63831,73876.93217837393
76833,78487.23122678744
76833,73876.93217837393
51716,87053.4842218702
70132,87053.4842218702
90000,124944.31013685567
122000,124944.31013685567
128100,124944.31013685567
145000,124944.31013685567
190000,204798.66949360786
190000,204798.66949360786
113000,144600.22700585384
127221,153499.65946041793
129300,168485.53184591845
134326,168485.53184591845
150000,159321.21711675
152700,168485.53184591845
225000,168485.53184591845
156400,187198.57708277885
247500,187198.57708277885
140100,204798.66949360786
175100,204798.66949360786
260500,204798.66949360786
272400,204798.66949360786
95000,152179.57245446974
134000,152179.57245446974
220000,154303.4233511863
270000,152179.57245446974
107968,164256.0169222522
137141,187152.28834240435
140100,187152.28834240435
145000,187152.28834240435
152000,187152.28834240435
185400,192061.8740570633
190000,187152.28834240435
245100,192061.8740570633
245100,192061.8740570633
245100,192061.8740570633
245100,192061.8740570633
297300,187152.28834240435
299500,192061.8740570633
299500,192061.8740570633
299500,192061.8740570633
299500,192061.8740570633
300000,187152.28834240435
122600,151205.10229286453
43187,48975.114843092524
50000,122018.10470356703
50000,65719.79978373197
51081,89641.71387713839
52008,69299.58456455864
62726,59009.01664800441
70000,129226.10728737227
73000,129226.10728737227
73100,125338.07862091405
74540,129226.10728737227
80000,125338.07862091405
83171,76297.80982882963
100000,129226.10728737227
100000,125338.07862091405
105000,129226.10728737227
119200,125338.07862091405
120000,129226.10728737227
122638,90877.59806065603
124234,129226.10728737227
124234,129226.10728737227
133000,129226.10728737227
151410,125338.07862091405
156450,129226.10728737227
130000,174170.5559305306
145000,175977.81630733056
185000,175977.81630733056
220000,174170.5559305306
228856,150281.4493971395
249600,174170.5559305306
299500,174170.5559305306
300000,175977.81630733056
25000,121458.81180643919
25532,108184.99233618379
40000,86474.44200416253
48585,57880.854890163944
51676,86586.83722809181
52533,58046.81984609008
54000,70528.74787350226
55000,137290.43260796397
55410,70007.57544312297
56256,81167.06485621547
57872,81167.06485621547
59382,57880.854890163944
60000,137290.43260796397
60462,70584.59910041261
60938,68864.95210319576
61467,68023.24732456174
61699,97402.39104221608
64781,58101.59897726074
67672,86586.83722809181
67723,86586.83722809181
67723,86586.83722809181
70000,137290.43260796397
73824,86586.83722809181
77900,137290.43260796397
78000,137805.46027714055
79976,86586.83722809181
86000,137290.43260796397
86128,86586.83722809181
90000,137290.43260796397
90000,137805.46027714055
91000,137290.43260796397
93300,137290.43260796397
93400,137290.43260796397
94400,137805.46027714055
100000,137290.43260796397
100000,137290.43260796397
100000,137290.43260796397
102100,137290.43260796397
105000,137290.43260796397
106250,137290.43260796397
109000,133577.61941534912
110000,137290.43260796397
110000,137805.46027714055
110736,81136.31750539242
110820,86586.83722809181
115000,137805.46027714055
115000,137805.46027714055
117000,137805.46027714055
120000,137290.43260796397
120000,137290.43260796397
120000,137290.43260796397
120000,137805.46027714055
120681,137290.43260796397
122200,137290.43260796397
123040,86586.83722809181
125000,137290.43260796397
130000,137290.43260796397
130000,137290.43260796397
130000,137805.46027714055
131000,137290.43260796397
131200,137805.46027714055
135000,137290.43260796397
138510,137290.43260796397
138900,137290.43260796397
140000,137805.46027714055
140000,137805.46027714055
145000,137290.43260796397
145000,137290.43260796397
151410,137805.46027714055
155000,137290.43260796397
155000,137805.46027714055
156000,137290.43260796397
160000,137805.46027714055
165000,137290.43260796397
166000,137290.43260796397
170000,137290.43260796397
170000,137805.46027714055
172200,137805.46027714055
175000,137290.43260796397
175000,137290.43260796397
183200,137290.43260796397
183310,137290.43260796397
183310,137290.43260796397
187500,137290.43260796397
212000,137290.43260796397
220000,137290.43260796397
225300,137290.43260796397
250000,137290.43260796397
20171,138023.86347326072
38868,53642.42167665194
38868,53642.42167665194
38868,53642.42167665194
38868,53642.42167665194
38868,53642.42167665194
38868,53642.42167665194
38868,53642.42167665194
47280,53642.42167665194
47280,53642.42167665194
47280,53642.42167665194
48585,53642.42167665194
48585,53642.42167665194
48585,53642.42167665194
48585,53642.42167665194
48585,53642.42167665194
68428,82246.95814281449
70000,170832.43922640898
71000,170832.43922640898
71400,170832.43922640898
73100,170832.43922640898
77684,60313.95096202814
78000,170832.43922640898
78000,170832.43922640898
81500,170832.43922640898
81536,168561.73207764316
82365,170832.43922640898
85000,168561.73207764316
88600,170832.43922640898
90000,168561.73207764316
90700,170832.43922640898
93300,170832.43922640898
93300,170832.43922640898
94100,170832.43922640898
95000,170832.43922640898
95000,168561.73207764316
100000,170832.43922640898
100000,102383.22756318978
100000,168561.73207764316
100400,170174.20360092336
100400,170174.20360092336
101570,168561.73207764316
102500,168561.73207764316
104000,168561.73207764316
104000,168561.73207764316
104000,168561.73207764316
104000,168561.73207764316
104300,170832.43922640898
104650,168561.73207764316
105000,170832.43922640898
105000,170832.43922640898
106800,170832.43922640898
106800,168561.73207764316
107400,170832.43922640898
110000,170832.43922640898
110000,168561.73207764316
110000,168561.73207764316
110820,102858.13301048138
111000,170832.43922640898
111600,170832.43922640898
111600,168561.73207764316
112500,168561.73207764316
113750,151917.266921871
114080,170832.43922640898
114080,170832.43922640898
116000,170832.43922640898
116300,170832.43922640898
118000,170832.43922640898
118900,170832.43922640898
119213,168561.73207764316
120000,170832.43922640898
120000,170832.43922640898
120000,170832.43922640898
120000,170832.43922640898
120000,168561.73207764316
120000,168561.73207764316
120160,168561.73207764316
120250,151520.7321310505
121000,170832.43922640898
121550,170832.43922640898
122000,170832.43922640898
122000,170832.43922640898
122500,170832.43922640898
122600,170832.43922640898
122700,170832.43922640898
122900,170832.43922640898
123000,170832.43922640898
123000,170832.43922640898
123000,168561.73207764316
123040,102858.13301048138
123040,99412.45285564144
123400,170832.43922640898
124000,168561.73207764316
125000,170832.43922640898
126000,170832.43922640898
126000,170832.43922640898
126000,168561.73207764316
126500,168561.73207764316
127000,168561.73207764316
127300,170832.43922640898
128000,170832.43922640898
128000,168561.73207764316
129300,170832.43922640898
129300,170832.43922640898
129300,170832.43922640898
129300,170832.43922640898
129300,170832.43922640898
129300,170832.43922640898
129300,170832.43922640898
129300,170832.43922640898
129300,170832.43922640898
129300,170832.43922640898
129300,170832.43922640898
129300,170832.43922640898
129300,170832.43922640898
130000,170832.43922640898
130000,170832.43922640898
130000,170832.43922640898
130000,168561.73207764316
130000,168561.73207764316
130000,168561.73207764316
130000,168561.73207764316
130000,168561.73207764316
130500,170832.43922640898
132000,170832.43922640898
133200,168561.73207764316
134236,170832.43922640898
134960,66321.11959307382
135000,170832.43922640898
135000,168561.73207764316
136000,170832.43922640898
136000,168561.73207764316
136000,168561.73207764316
136000,168561.73207764316
136742,170832.43922640898
137500,170832.43922640898
138600,168561.73207764316
138700,170832.43922640898
139000,168561.73207764316
139000,168561.73207764316
139500,170832.43922640898
140000,170832.43922640898
140000,170832.43922640898
140000,170832.43922640898
140000,170832.43922640898
140000,170832.43922640898
140000,168561.73207764316
140000,168561.73207764316
140000,168561.73207764316
140000,168561.73207764316
140000,168561.73207764316
140100,170832.43922640898
140900,168561.73207764316
141000,170174.20360092336
141525,168561.73207764316
141525,168561.73207764316
141525,168561.73207764316
141525,168561.73207764316
142436,151520.7321310505
142500,170832.43922640898
143370,170832.43922640898
144000,170832.43922640898
144000,170832.43922640898
144000,168561.73207764316
145000,170832.43922640898
145000,168561.73207764316
145000,168561.73207764316
145300,170832.43922640898
146000,170832.43922640898
147100,170832.43922640898
148750,170832.43922640898
148750,170832.43922640898
148800,170832.43922640898
149076,170832.43922640898
149076,170832.43922640898
149500,170832.43922640898
150000,170832.43922640898
150000,170832.43922640898
150000,170832.43922640898
150000,170832.43922640898
150000,170832.43922640898
150000,170832.43922640898
150000,170832.43922640898
150000,168561.73207764316
150000,168561.73207764316
151800,170832.43922640898
152000,170832.43922640898
152000,170832.43922640898
152000,170832.43922640898
153000,168561.73207764316
154000,170832.43922640898
155000,170832.43922640898
155000,170832.43922640898
155000,170832.43922640898
155500,170832.43922640898
156000,168561.73207764316
156100,170174.20360092336
156400,170832.43922640898
156400,170832.43922640898
156400,170832.43922640898
156400,170832.43922640898
156400,170832.43922640898
156400,170832.43922640898
156400,170832.43922640898
156400,170832.43922640898
156400,168561.73207764316
156400,168561.73207764316
156560,168561.73207764316
157500,168561.73207764316
157750,170832.43922640898
158200,168561.73207764316
159100,168561.73207764316
159300,170832.43922640898
160000,170832.43922640898
160000,170832.43922640898
160000,168561.73207764316
160000,168561.73207764316
160000,168561.73207764316
160000,168561.73207764316
160000,168561.73207764316
160000,168561.73207764316
160000,168561.73207764316
160000,168561.73207764316
161000,170832.43922640898
161000,168561.73207764316
162000,170832.43922640898
164000,170832.43922640898
164000,168561.73207764316
165000,170832.43922640898
165000,170832.43922640898
165000,168561.73207764316
166000,151520.7321310505
166000,170832.43922640898
166000,167132.9195184036
166500,170832.43922640898
167200,168561.73207764316
167500,170832.43922640898
167560,168561.73207764316
167850,168561.73207764316
168000,170832.43922640898
168000,168561.73207764316
168400,170832.43922640898
168800,168561.73207764316
170000,170832.43922640898
170000,170832.43922640898
170000,168561.73207764316
170625,170832.43922640898
170730,170832.43922640898
171000,170832.43922640898
172100,170832.43922640898
172256,99412.45285564144
172500,168561.73207764316
172900,168561.73207764316
173000,168561.73207764316
173175,167132.9195184036
174250,170832.43922640898
174800,168561.73207764316
175000,170832.43922640898
175000,168561.73207764316
175000,168561.73207764316
175000,168561.73207764316
175000,168561.73207764316
175000,168561.73207764316
175000,168561.73207764316
175750,170832.43922640898
177000,151520.7321310505
178600,170832.43922640898
180000,170832.43922640898
180000,168561.73207764316
180000,168561.73207764316
180000,168561.73207764316
180000,168561.73207764316
181500,170832.43922640898
182000,170832.43922640898
182250,170832.43922640898
183500,168561.73207764316
183500,168561.73207764316
183500,168561.73207764316
184700,170832.43922640898
185000,151520.7321310505
185000,170832.43922640898
185000,170832.43922640898
185000,170832.43922640898
185000,170832.43922640898
185000,168561.73207764316
185000,168561.73207764316
185000,168561.73207764316
185000,168561.73207764316
185400,168561.73207764316
185900,170832.43922640898
185900,170832.43922640898
185900,170832.43922640898
185900,170832.43922640898
185900,170832.43922640898
185900,170832.43922640898
185900,170832.43922640898
185900,170832.43922640898
186300,168561.73207764316
187415,170832.43922640898
188200,170832.43922640898
189750,170832.43922640898
189750,168561.73207764316
190000,170174.20360092336
190000,170174.20360092336
190000,170832.43922640898
190000,170832.43922640898
190000,170832.43922640898
190000,170832.43922640898
190000,168561.73207764316
190000,168561.73207764316
190200,170832.43922640898
191000,168561.73207764316
191475,170832.43922640898
191475,168561.73207764316
191475,168561.73207764316
191475,168561.73207764316
191475,168561.73207764316
191765,170832.43922640898
197600,168561.73207764316
198200,170832.43922640898
198200,168561.73207764316
198200,168561.73207764316
198440,170832.43922640898
198440,170832.43922640898
198440,168561.73207764316
198800,170832.43922640898
199000,170832.43922640898
200000,168561.73207764316
200000,168561.73207764316
201000,170832.43922640898
201650,170832.43922640898
201650,170832.43922640898
202000,168561.73207764316
202000,168561.73207764316
202000,168561.73207764316
204000,168561.73207764316
204000,168561.73207764316
204500,170832.43922640898
204500,170832.43922640898
205000,168561.73207764316
205150,168561.73207764316
205400,170832.43922640898
205485,168561.73207764316
206000,170832.43922640898
207345,168561.73207764316
208000,170832.43922640898
208400,168561.73207764316
208500,170832.43922640898
209450,168561.73207764316
210000,170832.43922640898
210000,168561.73207764316
210000,168561.73207764316
210000,168561.73207764316
210000,168561.73207764316
211000,170832.43922640898
212000,170832.43922640898
212800,170832.43922640898
212800,170832.43922640898
212800,168561.73207764316
213300,151520.7321310505
214872,168561.73207764316
215000,170832.43922640898
215625,168561.73207764316
218000,170832.43922640898
220000,170832.43922640898
220000,168561.73207764316
222000,168561.73207764316
222000,168561.73207764316
222750,170832.43922640898
222800,170832.43922640898
223800,170832.43922640898
225000,170832.43922640898
225000,170832.43922640898
225000,170832.43922640898
225000,170832.43922640898
225000,168561.73207764316
225000,168561.73207764316
226000,168561.73207764316
227000,168561.73207764316
227240,168561.73207764316
230000,168561.73207764316
230000,168561.73207764316
233300,170832.43922640898
235000,168561.73207764316
235000,168561.73207764316
235750,170832.43922640898
236500,170832.43922640898
237000,168561.73207764316
237000,168561.73207764316
238000,167132.9195184036
238000,167132.9195184036
239000,170832.43922640898
240000,170832.43922640898
240350,168561.73207764316
244000,170174.20360092336
245000,170832.43922640898
245000,170832.43922640898
245000,170832.43922640898
250000,170832.43922640898
250830,170832.43922640898
258000,170174.20360092336
258000,170832.43922640898
258700,170832.43922640898
260000,170832.43922640898
260000,168561.73207764316
266000,170832.43922640898
267100,168561.73207764316
272290,168561.73207764316
275300,168561.73207764316
275300,168561.73207764316
275300,168561.73207764316
280889,170832.43922640898
281000,170174.20360092336
283000,170832.43922640898
285000,168561.73207764316
295490,170832.43922640898
295490,170832.43922640898
295490,170832.43922640898
295490,170832.43922640898
297300,168561.73207764316
297300,168561.73207764316
297300,168561.73207764316
300000,170832.43922640898
300000,170832.43922640898
308000,170832.43922640898
310270,170832.43922640898
310270,170832.43922640898
310270,170832.43922640898
316000,170832.43922640898
316000,170832.43922640898
317070,170832.43922640898
323300,170832.43922640898
323300,170832.43922640898
323300,170832.43922640898
324000,170832.43922640898
359170,170832.43922640898
359170,170832.43922640898
183000,201331.9842009624
62500,100695.76314058114
87500,100695.76314058114
110000,105545.8604976172
110000,105545.8604976172
135000,105545.8604976172
165000,105545.8604976172
85000,114366.0267294813
173100,114366.0267294813
85000,110697.8903221952
115500,110697.8903221952
72000,109560.2442045968
90000,109560.2442045968
91000,110486.30297368104
125000,112977.46259370606
175000,112977.46259370606
185000,122599.6165896868
142200,149472.29046360316
126400,169397.36400990555
135000,169013.4446822935
142200,169397.36400990555
142200,169397.36400990555
155000,169013.4446822935
172256,172311.53857496387
185900,169397.36400990555
185900,169397.36400990555
204500,169397.36400990555
204500,169397.36400990555
204500,169397.36400990555
204500,169397.36400990555
49253,224825.89967929915
86193,224825.89967929915
100017,199350.80956353628
283780,194166.5384247906
331640,194166.5384247906
153667,134451.6021449284
203016,175631.74533916905
246080,175631.74533916905
260000,205934.58469433896
325000,205934.58469433896
336400,207863.89524360787
63000,139438.31625360806
124270,139438.31625360806
250000,137836.93119243058
61896,195189.2476040077
323905,152682.16602602095
56500,107414.79163170978
115000,144405.42415326802
142200,213025.57238672418
184560,137643.32238568977
200000,211096.26183745527
205000,213025.57238672418
269600,213025.57238672418
269600,211096.26183745527
270000,211096.26183745527
329500,211096.26183745527
200000,203081.0939125885
162288,130733.36042176082
167875,203126.92787412385
224000,203126.92787412385
314100,204292.71231556515
188000,220731.70264174938
43187,73293.06807367846
51676,76007.87166845141
170000,166948.52705069695
103160,162008.43454068605
61566,140493.90509166342
29944,100432.27863777487
172309,157115.12721114588
190000,165763.48241152274
192000,165763.48241152274
115000,145045.3203414473
21013,69287.08763560344
85000,147032.43485792313
100000,147032.43485792313
125000,156886.4104179246
155000,156886.4104179246
270000,147032.43485792313
110000,192369.6587512881
114979,157200.6556677151
135000,194166.5384247906
148000,194166.5384247906
173000,189256.95271013165
174000,194166.5384247906
179000,194166.5384247906
183750,194166.5384247906
185000,189256.95271013165
192000,189256.95271013165
199000,189256.95271013165
206000,194166.5384247906
229000,194166.5384247906
238000,189256.95271013165
245000,189256.95271013165
260000,192369.6587512881
276000,194166.5384247906
315850,194166.5384247906
324000,194166.5384247906
385000,189256.95271013165
58300,116945.77694463756
133000,116945.77694463756
27568,111338.15042092829
124000,118512.0860296697
166000,124731.11131783758
15000,103703.80692429205
33000,64538.22338832556
180000,105563.5244328569
76814,151624.517439566
21844,84976.84130450115
55410,70802.90230151113
85000,102300.48863914047
100000,162415.39829730516
108000,159704.30181532618
115000,152178.71195191762
180000,202869.35894433898
295500,202869.35894433898
38868,73613.51145375139
50000,180794.09039302135
67979,92907.9526543188
75577,73775.49153610304
84053,62783.34309965007
87000,169978.9574639854
98432,92907.9526543188
100000,169978.9574639854
100000,169978.9574639854
104697,97671.37183663601
106720,169978.9574639854
110000,159500.09313164232
120000,159500.09313164232
123040,92907.9526543188
125000,169978.9574639854
125000,159500.09313164232
126277,169978.9574639854
130000,169978.9574639854
133800,169978.9574639854
135000,165948.55699176723
142200,169978.9574639854
147648,92907.9526543188
148500,169978.9574639854
150000,169978.9574639854
150000,159500.09313164232
155000,169978.9574639854
158200,169978.9574639854
165000,169978.9574639854
170000,169978.9574639854
170000,169978.9574639854
172200,169978.9574639854
175000,169978.9574639854
180000,159500.09313164232
180000,159500.09313164232
190000,169978.9574639854
200000,169978.9574639854
204500,169978.9574639854
207500,187097.36929020422
207500,187097.36929020422
220000,169978.9574639854
220000,169978.9574639854
225300,169978.9574639854
237400,169978.9574639854
287500,187097.36929020422
300000,132274.17155669018
38868,95749.98250192743
63040,141443.22763471058
66000,192061.8740570633
70000,122124.42122973657
70179,89864.24431128346
79032,135846.6694923368
80000,192061.8740570633
82744,133552.58089775775
84053,91751.62275850328
85000,187152.28834240435
93300,192061.8740570633
100000,192061.8740570633
100000,187152.28834240435
104000,192061.8740570633
106900,192061.8740570633
109400,192061.8740570633
109400,192061.8740570633
109400,192061.8740570633
110000,189844.4469442544
113366,107947.09366200499
115000,184164.28429584147
119000,192061.8740570633
119700,192061.8740570633
120000,187152.28834240435
121000,192061.8740570633
122700,192061.8740570633
122700,192061.8740570633
124000,189844.4469442544
125000,192061.8740570633
125000,192061.8740570633
126000,192061.8740570633
126000,192061.8740570633
126500,192061.8740570633
130100,192061.8740570633
131300,187152.28834240435
131300,187152.28834240435
132600,192061.8740570633
132870,181073.45309962647
135000,192061.8740570633
135000,171694.26430085747
139500,192061.8740570633
139500,192061.8740570633
139500,192061.8740570633
140000,189844.4469442544
140000,192061.8740570633
140000,192061.8740570633
140000,192061.8740570633
140000,192061.8740570633
140000,187152.28834240435
140100,192061.8740570633
140100,192061.8740570633
140100,192061.8740570633
140100,192061.8740570633
140100,192061.8740570633
142000,192061.8740570633
142000,192061.8740570633
142000,192061.8740570633
142000,192061.8740570633
142000,187152.28834240435
142200,192061.8740570633
142200,192061.8740570633
142200,192061.8740570633
142200,192061.8740570633
142200,192061.8740570633
142200,192061.8740570633
142200,192061.8740570633
142200,192061.8740570633
142200,192061.8740570633
142200,192061.8740570633
142200,192061.8740570633
142200,192061.8740570633
142200,192061.8740570633
143000,184164.28429584147
144800,192061.8740570633
145000,192061.8740570633
148590,192061.8740570633
150000,192061.8740570633
150000,192061.8740570633
150000,187152.28834240435
150000,187152.28834240435
150000,187152.28834240435
150000,187152.28834240435
151100,184164.28429584147
152000,192061.8740570633
152000,192061.8740570633
153090,192061.8740570633
155000,192061.8740570633
156453,187152.28834240435
159000,192061.8740570633
160000,181073.45309962647
160000,187152.28834240435
162540,192061.8740570633
163800,192061.8740570633
163800,192061.8740570633
164000,187152.28834240435
166600,192061.8740570633
166600,192061.8740570633
166600,192061.8740570633
167100,192061.8740570633
170000,192061.8740570633
170000,192061.8740570633
170000,187152.28834240435
170000,187152.28834240435
170700,192061.8740570633
172040,187152.28834240435
172200,192061.8740570633
172200,192061.8740570633
172200,192061.8740570633
172200,192061.8740570633
172200,192061.8740570633
172200,192061.8740570633
172200,192061.8740570633
172800,192061.8740570633
173300,192061.8740570633
173400,192061.8740570633
174000,165196.96687541858
175000,187152.28834240435
175000,187152.28834240435
175000,187152.28834240435
176000,192061.8740570633
176100,192061.8740570633
176300,187152.28834240435
178200,187152.28834240435
180000,187152.28834240435
180240,192061.8740570633
180300,192061.8740570633
182200,192061.8740570633
182200,192061.8740570633
184000,187152.28834240435
184000,187152.28834240435
184700,192061.8740570633
184700,192061.8740570633
184950,192061.8740570633
185000,192061.8740570633
185000,149682.6880654103
186000,192061.8740570633
187200,184164.28429584147
189360,187152.28834240435
189650,192061.8740570633
190000,187152.28834240435
190027,192061.8740570633
192000,189844.4469442544
192000,187152.28834240435
193000,184164.28429584147
193600,192061.8740570633
193600,192061.8740570633
193900,192061.8740570633
198000,187152.28834240435
198200,187152.28834240435
199000,137823.81353187887
199000,187152.28834240435
199000,187152.28834240435
199200,192061.8740570633
200000,192061.8740570633
200000,192061.8740570633
200000,192061.8740570633
200000,192061.8740570633
200000,187152.28834240435
200000,187152.28834240435
200000,187152.28834240435
200000,187152.28834240435
200000,187152.28834240435
201000,187152.28834240435
202353,192061.8740570633
202900,187152.28834240435
204060,107947.09366200499
204500,192061.8740570633
204500,192061.8740570633
204500,192061.8740570633
204500,192061.8740570633
204500,192061.8740570633
204500,192061.8740570633
204500,192061.8740570633
204500,192061.8740570633
204500,192061.8740570633
204500,192061.8740570633
204500,192061.8740570633
204500,192061.8740570633
204500,192061.8740570633
204500,192061.8740570633
204500,192061.8740570633
204500,192061.8740570633
204500,192061.8740570633
204500,192061.8740570633
204500,192061.8740570633
204600,192061.8740570633
205318,187152.28834240435
206000,187152.28834240435
208000,187152.28834240435
210000,187152.28834240435
210000,187152.28834240435
212000,192061.8740570633
212000,192061.8740570633
212000,192061.8740570633
212200,187152.28834240435
212800,192061.8740570633
213800,192061.8740570633
214500,192061.8740570633
214500,192061.8740570633
214500,192061.8740570633
215000,192061.8740570633
216000,187152.28834240435
218540,192061.8740570633
218540,192061.8740570633
219300,192061.8740570633
220000,192061.8740570633
220000,164121.3329387676
220000,187152.28834240435
222405,192061.8740570633
223600,192061.8740570633
224000,192061.8740570633
225000,137823.81353187887
225000,192061.8740570633
225000,192061.8740570633
226600,192061.8740570633
226600,192061.8740570633
226600,192061.8740570633
226600,192061.8740570633
228830,192061.8740570633
231000,192061.8740570633
232200,192061.8740570633
234500,192061.8740570633
235400,187152.28834240435
240000,192061.8740570633
240000,192061.8740570633
241000,192061.8740570633
246000,187152.28834240435
247500,192061.8740570633
247500,192061.8740570633
247500,192061.8740570633
250000,192061.8740570633
250000,192061.8740570633
250500,192061.8740570633
258384,187152.28834240435
258800,192061.8740570633
260000,192061.8740570633
261500,192061.8740570633
262000,192061.8740570633
263500,187152.28834240435
264400,187152.28834240435
266400,192061.8740570633
267720,192061.8740570633
267720,192061.8740570633
269500,192061.8740570633
269500,192061.8740570633
275000,192061.8740570633
275000,192061.8740570633
276000,192061.8740570633
280000,192061.8740570633
283200,187152.28834240435
284000,187152.28834240435
284050,192061.8740570633
294000,192061.8740570633
296400,192061.8740570633
296400,192061.8740570633
299000,192061.8740570633
300000,192061.8740570633
305600,192061.8740570633
305600,192061.8740570633
309000,192061.8740570633
309000,192061.8740570633
309000,192061.8740570633
315300,187152.28834240435
318300,187152.28834240435
323300,192061.8740570633
323300,192061.8740570633
328400,187152.28834240435
330000,192061.8740570633
330000,187152.28834240435
331640,192061.8740570633
342300,192061.8740570633
392000,192061.8740570633
50180,79917.08803809973
79976,123132.44517821942
107968,77737.9356531195
127300,167917.77567818208
145000,182050.5558526655
158900,177904.4962458341
220000,177904.4962458341
235000,177904.4962458341
204500,173135.71786337212
90000,172123.96068242574
100000,140332.31809350295
100000,140332.31809350295
73100,161114.17994270875
93300,161114.17994270875
225000,141878.25148895607
180000,194660.00194808253
125000,165822.99013264905
135000,165822.99013264905
153000,156794.38938811087
165000,165822.99013264905
170000,165822.99013264905
105500,185422.3386574478
108308,168661.76737778055
108308,182388.10540085443
120000,185422.3386574478
126000,185422.3386574478
142200,183204.9115446389
157250,185422.3386574478
163800,185422.3386574478
169000,185422.3386574478
171000,182388.10540085443
180514,168661.76737778055
180514,168661.76737778055
180514,182388.10540085443
182750,182388.10540085443
193900,185422.3386574478
200000,185422.3386574478
204500,183204.9115446389
216000,185422.3386574478
220000,185422.3386574478
225000,182388.10540085443
292200,182388.10540085443
325000,182388.10540085443
168000,190327.05641053416
183600,190327.05641053416
302000,190237.1482628829
40000,86931.75413753514
200000,179501.48501292284
44365,76754.20470888012
160000,174807.84863284236
175000,173860.29878107304
275000,173860.29878107304
170000,188057.33316370822
200000,190157.65247008688
86374,150016.2497939425
160000,200783.62184837344
173762,164511.80957005548
190000,185025.3944457817
43064,87442.65804717578
43500,84064.55928890016
45000,95304.28863951008
57000,96243.70033866512
102000,104463.42207020953
142000,104463.42207020953
50000,120749.62248769034
83000,119386.29361563214
148350,120749.62248769034
160000,120749.62248769034
125000,159704.30181532618
125000,159704.30181532618
145000,159704.30181532618
160000,159704.30181532618
160000,159704.30181532618
160000,159704.30181532618
165000,159704.30181532618
125000,169978.9574639854
130000,156861.95323153134
240000,156861.95323153134
300000,169978.9574639854
86374,100132.95762735122
100000,192061.8740570633
102544,192061.8740570633
139000,192061.8740570633
141100,192061.8740570633
141298,192061.8740570633
141298,192061.8740570633
142600,192061.8740570633
142600,192061.8740570633
148000,192061.8740570633
150000,192061.8740570633
152000,192061.8740570633
156400,187152.28834240435
157000,192061.8740570633
157250,187152.28834240435
175000,192061.8740570633
176000,187152.28834240435
185000,192061.8740570633
190000,192061.8740570633
200000,192061.8740570633
200800,192061.8740570633
203000,192061.8740570633
225000,192061.8740570633
230000,192061.8740570633
240000,192061.8740570633
240000,187152.28834240435
250000,192061.8740570633
250000,187152.28834240435
253000,187152.28834240435
273000,192061.8740570633
275000,163086.96471224065
281000,192061.8740570633
293000,192061.8740570633
370000,192061.8740570633
42000,113116.80585255341
82528,119700.50228523808
162170,150776.80420366093
167200,162503.00618040556
84053,100473.94680372221
100000,169978.9574639854
100000,169978.9574639854
102000,169978.9574639854
104055,116538.53122415731
130000,169978.9574639854
158080,169978.9574639854
165000,159500.09313164232
175000,159500.09313164232
180000,169978.9574639854
185000,159500.09313164232
185000,159500.09313164232
190000,159500.09313164232
200000,169978.9574639854
210000,159500.09313164232
220000,169978.9574639854
270000,169978.9574639854
405000,169978.9574639854
90700,192061.8740570633
110000,187152.28834240435
120000,187152.28834240435
124100,192061.8740570633
130000,187152.28834240435
136000,187152.28834240435
137000,192061.8740570633
144000,190285.2736043537
145900,189844.4469442544
145900,192061.8740570633
145900,192061.8740570633
145900,192061.8740570633
147100,192061.8740570633
150000,192061.8740570633
150000,192061.8740570633
150000,192061.8740570633
150000,187152.28834240435
150000,187152.28834240435
151800,192061.8740570633
159300,192061.8740570633
159300,192061.8740570633
160000,192061.8740570633
163200,192061.8740570633
163200,192061.8740570633
165750,192061.8740570633
166000,192061.8740570633
168400,192061.8740570633
180000,192061.8740570633
182200,192061.8740570633
184700,192061.8740570633
185000,192061.8740570633
189000,192061.8740570633
196000,187152.28834240435
198800,192061.8740570633
200000,192061.8740570633
200000,192061.8740570633
200000,192061.8740570633
202350,192061.8740570633
204500,192061.8740570633
205500,192061.8740570633
205500,192061.8740570633
210000,192061.8740570633
210000,192061.8740570633
210000,192061.8740570633
210000,187152.28834240435
210000,187152.28834240435
212800,192061.8740570633
220000,192061.8740570633
240000,192061.8740570633
240000,187152.28834240435
248100,192061.8740570633
248100,192061.8740570633
248100,192061.8740570633
250000,192061.8740570633
250000,192061.8740570633
253750,159087.39513399283
253750,159087.39513399283
278700,192061.8740570633
300000,192061.8740570633
303050,192061.8740570633
345000,192061.8740570633
370000,192061.8740570633
44753,157777.14687067308
185000,207410.7213746513
